Precision,Recall
0.03187149413564508,1.0
0.20773930753564154,0.816
1.0,0.0
