Precision,Recall
0.03187149413564508,1.0
0.17717206132879046,0.832
1.0,0.0
