False Positive Rate,True Positive Rate
0.0,0.0
0.009217803529101922,0.664
0.017645509612852252,0.736
0.03739794574664208,0.768
0.13747695549117725,0.816
0.48538319726099555,0.912
1.0,1.0
