Precision,Recall
0.03187149413564508,1.0
0.061040339702760085,0.92
0.173109243697479,0.824
0.37401574803149606,0.76
0.5527950310559007,0.712
0.6935483870967742,0.688
1.0,0.0
