False Positive Rate,True Positive Rate
0.0,0.0
0.010007900974453516,0.688
0.01896233868843824,0.712
0.04187516460363445,0.76
0.12957598103766133,0.824
0.4658941269423229,0.92
1.0,1.0
