Model,Accuracy,Precision,Recall,F1-score,AUC
LogisticRegression,0.9711881693013769,0.5344827586206896,0.744,0.6220735785953176,0.721778538372864
DecisionTreeClassifier,0.871494135645079,0.17717206132879046,0.832,0.29213483146067415,0.5072632361717894
SVC,0.9706782253952065,0.5294117647058824,0.72,0.6101694915254237,0.6573911722404723
GaussianNB,0.9750127485976543,0.5944055944055944,0.68,0.6343283582089553,0.6173646585501649
KNeighborsClassifier,0.9518103008669047,0.37401574803149606,0.76,0.5013192612137204,0.6522438779692948
RandomForestClassifier,0.9319224885262621,0.2994350282485876,0.848,0.4425887265135699,0.7380434971307032
