Precision,Recall
0.4867549668874172,1.0
1.0,0.40816326530612246
1.0,0.0
