Feature,Feature Importance
email,0.15099337748344369
name,0.012582781456953619
bio,0.0033112582781457123
login,0.021192052980132447
