,Accuracy,Precision,Recall,F1-score,AUC
baggingDecisionTree,0.9205298013245033,0.9019607843137255,0.9387755102040817,0.92,0.981077485180773
baggingKNeighbors,0.8443708609271523,0.8968253968253969,0.7687074829931972,0.8278388278388278,0.9102632789096553
baggingRandomForest,0.9536423841059603,0.9403973509933775,0.9659863945578231,0.9530201342281879,0.9868015621103723
baggingXGBoost,0.9470198675496688,0.9337748344370861,0.9591836734693877,0.9463087248322147,0.9875572119134394
baggingLogisticRegression,0.8509933774834437,0.9553571428571429,0.7278911564625851,0.8262548262548263,0.9096777847022556
baggingSVC,0.847682119205298,0.954954954954955,0.7210884353741497,0.8217054263565892,0.917997680802307
baggingGaussianNB,0.804635761589404,0.9680851063829787,0.6190476190476191,0.7551867219917012,0.9424883314703137
