Feature,Feature Importance
Median Response Time,0.0
Number of followers,0.004635761589403997
Number of Active day,0.16026490066225166
Periodicity of Activities,0.007284768211920522
Number of Commit,0.06357615894039734
Number of following,0.023178807947019875
Number of Activity,0.023841059602648994
Number of Connection Account,0.00331125827814569
Number of Pull Request,0.0
Number of Repository,0.0013245033112582849
Number of Issue,0.007284768211920567
tfidf_similarity,-0.0006622516556291424
